{
  "success_rate": 1.0,
  "successes": 50000,
  "teams": {
    "Algeria": {
      "A": 8.248,
      "B": 8.37,
      "C": 8.234,
      "D": 8.418000000000001,
      "E": 8.334,
      "F": 8.124,
      "G": 8.468,
      "H": 8.286,
      "I": 8.418000000000001,
      "J": 8.486,
      "K": 8.4,
      "L": 8.214
    },
    "Argentina": {
      "C": 12.234,
      "E": 8.33,
      "F": 8.414000000000001,
      "G": 12.389999999999999,
      "H": 12.509999999999998,
      "I": 8.110000000000001,
      "J": 12.546,
      "K": 12.712000000000002,
      "L": 12.753999999999998
    },
    "Australia": {
      "A": 7.788,
      "B": 8.129999999999999,
      "C": 8.200000000000001,
      "D": 8.064,
      "E": 8.288,
      "F": 8.622,
      "G": 8.352,
      "H": 8.436,
      "I": 8.386000000000001,
      "J": 8.712,
      "K": 8.658000000000001,
      "L": 8.364
    },
    "Austria": {
      "A": 7.005999999999999,
      "B": 7.04,
      "C": 8.52,
      "D": 7.188,
      "E": 8.628,
      "F": 8.926,
      "G": 8.892,
      "H": 8.818,
      "I": 8.718,
      "J": 8.584,
      "K": 8.852,
      "L": 8.828
    },
    "Belgium": {
      "C": 10.01,
      "E": 13.475999999999999,
      "F": 13.252,
      "G": 9.904,
      "H": 9.946000000000002,
      "I": 13.248,
      "J": 10.064,
      "K": 10.108,
      "L": 9.991999999999999
    },
    "Brazil": {
      "C": 10.312000000000001,
      "E": 13.187999999999999,
      "F": 13.187999999999999,
      "G": 10.138,
      "H": 10.012,
      "I": 13.553999999999998,
      "J": 9.9,
      "K": 10.016,
      "L": 9.692
    },
    "Canada": {
      "B": 100.0
    },
    "Cape Verde": {
      "A": 11.469999999999999,
      "B": 11.658,
      "C": 7.335999999999999,
      "D": 11.158,
      "E": 7.406,
      "F": 7.3660000000000005,
      "G": 7.266,
      "H": 7.442,
      "I": 7.286,
      "J": 7.192,
      "K": 7.152,
      "L": 7.268
    },
    "Colombia": {
      "A": 10.384,
      "B": 10.536,
      "C": 7.580000000000001,
      "D": 10.482,
      "E": 7.674,
      "F": 7.736,
      "G": 7.470000000000001,
      "H": 7.526,
      "I": 7.693999999999999,
      "J": 7.7,
      "K": 7.39,
      "L": 7.828
    },
    "Croatia": {
      "A": 7.172000000000001,
      "B": 7.256,
      "C": 8.559999999999999,
      "D": 7.102,
      "E": 8.734,
      "F": 8.404,
      "G": 8.792,
      "H": 8.812000000000001,
      "I": 8.724,
      "J": 8.944,
      "K": 8.534,
      "L": 8.966000000000001
    },
    "Curacao": {
      "C": 11.214,
      "E": 10.756,
      "F": 10.928,
      "G": 10.998,
      "H": 11.254,
      "I": 11.404,
      "J": 11.101999999999999,
      "K": 11.200000000000001,
      "L": 11.144
    },
    "Ecuador": {
      "A": 10.544,
      "B": 10.642,
      "C": 7.53,
      "D": 10.408000000000001,
      "E": 7.774,
      "F": 7.724,
      "G": 7.536,
      "H": 7.746,
      "I": 7.553999999999999,
      "J": 7.446,
      "K": 7.5,
      "L": 7.596
    },
    "Egypt": {
      "A": 8.482000000000001,
      "B": 8.552,
      "C": 8.078000000000001,
      "D": 8.244,
      "E": 8.27,
      "F": 8.241999999999999,
      "G": 8.27,
      "H": 8.418000000000001,
      "I": 8.248,
      "J": 8.344,
      "K": 8.262,
      "L": 8.59
    },
    "England": {
      "C": 12.456,
      "E": 8.464,
      "F": 8.392,
      "G": 12.442,
      "H": 12.374,
      "I": 8.286,
      "J": 12.462,
      "K": 12.36,
      "L": 12.764000000000001
    },
    "France": {
      "C": 12.312,
      "E": 8.260000000000002,
      "F": 8.382000000000001,
      "G": 12.484,
      "H": 12.584000000000001,
      "I": 8.332,
      "J": 12.456,
      "K": 12.626000000000001,
      "L": 12.564
    },
    "Germany": {
      "C": 9.984,
      "E": 13.286000000000001,
      "F": 13.522,
      "G": 9.905999999999999,
      "H": 9.84,
      "I": 13.286000000000001,
      "J": 10.068000000000001,
      "K": 10.024,
      "L": 10.084
    },
    "Ghana": {
      "A": 11.402,
      "B": 11.298,
      "C": 7.385999999999999,
      "D": 11.626,
      "E": 7.346,
      "F": 7.353999999999999,
      "G": 7.2059999999999995,
      "H": 7.3020000000000005,
      "I": 7.268,
      "J": 7.324,
      "K": 7.346,
      "L": 7.1419999999999995
    },
    "Haiti": {
      "C": 11.074,
      "E": 10.998,
      "F": 10.85,
      "G": 11.4,
      "H": 11.158,
      "I": 11.086,
      "J": 11.254,
      "K": 11.154,
      "L": 11.026
    },
    "Inter Path 1": {
      "C": 10.986,
      "E": 11.106,
      "F": 11.14,
      "G": 11.178,
      "H": 11.020000000000001,
      "I": 11.232000000000001,
      "J": 11.07,
      "K": 11.184,
      "L": 11.084
    },
    "Inter Path 2": {
      "C": 11.008,
      "E": 11.35,
      "F": 11.016,
      "G": 10.942,
      "H": 11.148,
      "I": 10.956000000000001,
      "J": 11.104,
      "K": 11.306,
      "L": 11.17
    },
    "Iran": {
      "A": 7.732,
      "B": 7.954,
      "C": 8.559999999999999,
      "D": 8.110000000000001,
      "E": 8.434,
      "F": 8.356,
      "G": 8.422,
      "H": 8.424,
      "I": 8.544,
      "J": 8.516,
      "K": 8.690000000000001,
      "L": 8.258000000000001
    },
    "Ivory Coast": {
      "A": 8.373999999999999,
      "B": 8.326,
      "C": 8.378,
      "D": 8.33,
      "E": 8.398,
      "F": 8.23,
      "G": 8.352,
      "H": 8.526,
      "I": 8.097999999999999,
      "J": 8.219999999999999,
      "K": 8.184,
      "L": 8.584
    },
    "Japan": {
      "A": 7.93,
      "B": 8.036,
      "C": 8.546,
      "D": 8.01,
      "E": 8.482000000000001,
      "F": 8.61,
      "G": 8.53,
      "H": 8.358,
      "I": 8.39,
      "J": 8.206,
      "K": 8.358,
      "L": 8.544
    },
    "Jordan": {
      "A": 11.52,
      "B": 11.196,
      "C": 7.324,
      "D": 11.472,
      "E": 7.514,
      "F": 7.430000000000001,
      "G": 7.340000000000001,
      "H": 7.1739999999999995,
      "I": 7.180000000000001,
      "J": 7.074,
      "K": 7.335999999999999,
      "L": 7.4399999999999995
    },
    "Mexico": {
      "A": 100.0
    },
    "Morocco": {
      "A": 7.682,
      "B": 7.62,
      "C": 8.576,
      "D": 7.596,
      "E": 8.735999999999999,
      "F": 8.61,
      "G": 8.518,
      "H": 8.566,
      "I": 8.49,
      "J": 8.454,
      "K": 8.767999999999999,
      "L": 8.384
    },
    "Netherlands": {
      "C": 9.9,
      "E": 13.26,
      "F": 13.22,
      "G": 10.046,
      "H": 10.248,
      "I": 13.596,
      "J": 9.9,
      "K": 9.982000000000001,
      "L": 9.847999999999999
    },
    "New Zealand": {
      "A": 11.616,
      "B": 12.006,
      "C": 7.288,
      "D": 11.84,
      "E": 7.038,
      "F": 7.3020000000000005,
      "G": 6.9559999999999995,
      "H": 7.244000000000001,
      "I": 7.138,
      "J": 7.274,
      "K": 7.124,
      "L": 7.1739999999999995
    },
    "Norway": {
      "A": 9.01,
      "B": 8.996,
      "C": 8.15,
      "D": 9.014,
      "E": 8.128,
      "F": 8.092,
      "G": 8.012,
      "H": 7.95,
      "I": 8.246,
      "J": 7.9719999999999995,
      "K": 8.332,
      "L": 8.097999999999999
    },
    "Panama": {
      "C": 11.09,
      "E": 11.008,
      "F": 11.282,
      "G": 11.101999999999999,
      "H": 10.908,
      "I": 11.166,
      "J": 11.134,
      "K": 11.132,
      "L": 11.178
    },
    "Paraguay": {
      "A": 11.516,
      "B": 11.554,
      "C": 7.144,
      "D": 11.745999999999999,
      "E": 7.236,
      "F": 7.306,
      "G": 7.284,
      "H": 7.144,
      "I": 7.338,
      "J": 7.148000000000001,
      "K": 7.288,
      "L": 7.295999999999999
    },
    "Portugal": {
      "C": 10.354,
      "E": 13.297999999999998,
      "F": 13.26,
      "G": 10.058,
      "H": 9.902,
      "I": 13.366,
      "J": 10.254000000000001,
      "K": 9.684,
      "L": 9.824
    },
    "Qatar": {
      "A": 9.59,
      "B": 9.316,
      "C": 7.782,
      "D": 9.404,
      "E": 8.008,
      "F": 8.096,
      "G": 7.9479999999999995,
      "H": 8.03,
      "I": 7.978000000000001,
      "J": 8.094,
      "K": 7.636,
      "L": 8.118
    },